product_name,product_url
First Answer Pregnancy Test Strip,https://www.dvago.pk/p/first-answer-pregnancy-test-strip
First Answer Midstream Pregnancy Test,https://www.dvago.pk/p/p-t-strp-midstream-fst-an
Morinaga Bf-1 Infant Formula Milk Powder 400g,https://www.dvago.pk/p/morinaga-bf-1-infant-formula-milk-powder-400g
Morinaga Bf-3 Growing Up Formula Powder Milk 900g,https://www.dvago.pk/p/morinaga-bf-3-growing-up-formula-900g
Morinaga Bf-1 Infant Formula Milk Powder 900g,https://www.dvago.pk/p/morinaga-bf-1-infant-formula-milk-powder-900g
Butterfly Breathables Maxi Thick Fabric Soft Sanitary Pads Extra Long Value Pack 16pcs,https://www.dvago.pk/p/butterfly-breathables-maxi-thick-sanitary-pads-extra-large-16-count
Aquafina 6 Ltr,https://www.dvago.pk/p/aquafina-6-ltr
Pampers Baby Pants Mega Pack Extra Large Size 6 38pcs,https://www.dvago.pk/p/pampers-pants-mp-size-6-38-pcs
Meiji Fu Follow-Up Formula Stage 2 Milk Powder 900g,https://www.dvago.pk/p/meiji-fu-follow-up-formula-powdered-milk-900g
Morinaga Bf-2 Follow Up Formula Milk Powder 900g,https://www.dvago.pk/p/morinaga-bf-2-follow-up-formula-900g
Nan 3 Growing-Up Formula Powder Milk 600g,https://www.dvago.pk/p/nan-3-grow-milk-powder-600gm
Pampers Baby Diapers Mega Pack Junior Size 5 44pc,https://www.dvago.pk/p/pampers-babydiapers-mega-pack-junior-size5-44pc
Vaseline Blueseal Pure Petroleum Jelly Original 250ml (Imported),https://www.dvago.pk/p/vaseline-petroleum-jelly-original-250ml-imported
Meiji Fm-T Infant Formula Stage 1 Milk Powder 900g,https://www.dvago.pk/p/meiji-fm-t-infant-formula-powdered-900g
Senior Adult Pull Up Size Xl 10pcs,https://www.dvago.pk/p/senior-pull-up-adult-diapers-extra-large-10-count
Butterfly Long Ultra Big Saver Sanitary Pads Xxl 16 Pcs,https://www.dvago.pk/p/butterfly-ultra-long-sanitary-pads-xxl-16-count
Nido 1+ Growing-Up Formula Milk Powder 900g,https://www.dvago.pk/p/nido-1-900gs
Meiji Fm-T Infant Formula Stage 1 Milk Powder 400g,https://www.dvago.pk/p/meiji-fm-t-infant-formula-powdered-400g
Lu Gala Egg Biscuits Half Roll 40.86g,https://www.dvago.pk/p/lu-gala-egg-half-roll
Morinaga Bf-3 Growing Up Formula Milk Powder 900g Tin,https://www.dvago.pk/p/bf-3-grow-900-g-tin
Meiji Big Soft Pack 200g,https://www.dvago.pk/p/meiji-big-soft-pack-200g
Morinaga Nl-33 Lactose Free Formula Powder Milk 350g,https://www.dvago.pk/p/morinaga-nl-33-lactose-free-formula-powdered-milk-350g
Meiji Big Milk Powder 900g,https://www.dvago.pk/p/meiji-big-growing-up-formula-powdered-milk-900g
Bona Papa Magic Baby Diapers Xxl Size 6 30pcs,https://www.dvago.pk/p/bona-papa-magic-eco-xxl
Kurkure Red Chilli Jhatka Chips,https://www.dvago.pk/p/kurkure-red-chilli-20rs
Bona Papa Baby Diapers Super Maxi Large Size 4 50pcs,https://www.dvago.pk/p/bona-papa-super-maxi-l-1s
Butterfly Maternity Pads 12pcs,https://www.dvago.pk/p/butterfly-maternity-pads-12pc
Pampers Baby Pants Mega Pack Junior Size 5 44pcs,https://www.dvago.pk/p/pampers-pants-mp-size-5-44-pcs
Glaxose-D Instant Drink Powder 100g,https://www.dvago.pk/p/glaxose-d-instant-powder-100g
Butterfly Breathables Maxi Thick Cottony Sanitary Pads 8pcs,https://www.dvago.pk/p/butterfly-bre-m-tcotny-xl8p
Pediasure Triplesure Vanilla Milk Powder 400g,https://www.dvago.pk/p/pediasure-vanilla-400g
Milo Ready To Drink Milk 180ml,https://www.dvago.pk/p/nestle-milo-rtd-180ml
Senior Adult Pull Up Size Large 10pcs,https://www.dvago.pk/p/senior-pull-up-adult-diapers-large-10-count
Candyland Chili Mili Party Bag 42g,https://www.dvago.pk/p/candyland-chilli-mili-party-pack
Pampers Baby Diapers Mega Pack Large Size 4 50pcs,https://www.dvago.pk/p/pampers-baby-diapers-mega-pack-large-size4-50pcs
Mospel Mosquito Repellent Lotion 45ml,https://www.dvago.pk/p/mospel-45ml
Senior Adult Diapers Size Large 10pcs,https://www.dvago.pk/p/senior-pull-up-adult-diapers-large-single
Candyland You Milk Chocolate 30g,https://www.dvago.pk/p/candyland-you-milk-chocolate-30g
Morinaga Bf-2 Follow-Up Formula Milk Powder Box 900g,https://www.dvago.pk/p/bf2-grow-900gm-box
Glutamax Whitening Soap 75g,https://www.dvago.pk/p/glutamax-75g-soap
Nido 1+ Growing Up Formula Powder 375g,https://www.dvago.pk/p/nido-1-375gs
Nido 3+ Growing Up Formula Milk Powder 800g,https://www.dvago.pk/p/nestle-nido-3-800g
Meiji Fu Follow-Up Formula Milk Powder 400g,https://www.dvago.pk/p/meiji-fu-follow-up-formula-powdered-milk-400g
Butterfly Breathables Ultra-Thin Cottony Sheet Sanitary Pads Extra Long 10 Pcs,https://www.dvago.pk/p/butterfly-breathable-e-large
Cuddles Cloth-Like Baby Wipes (Pack Of 48),https://www.dvago.pk/p/cuddles-cloth-like-baby-wipes-pack-of-48
Knorr Chatt Patta Noodle Pack 50g,https://www.dvago.pk/p/knorr-noodle-chatt-patta-50g
Neolac 1 Infant Formula Milk Powder 400g,https://www.dvago.pk/p/neolac-1-400g-400g
Bisconni Cocomo Double Chocolate Party Pack,https://www.dvago.pk/p/bisconni-cocomo-double-party-pack
Metafil Gentle Skin Cleanser 100ml,https://www.dvago.pk/p/mazton-metafil-gentle-skin-cleanser-for-all-skin-types-100ml
Cerelac 3 Fruits & Wheat 350g,https://www.dvago.pk/p/nestle-cerelac-3-fruits-350gm
Cerelac Rice 175g,https://www.dvago.pk/p/nestle-cerelac-rice-175gm
Bona Papa Baby Diapers Super Economy Medium Size 3 50pcs,https://www.dvago.pk/p/bona-papa-super-eco-midi-m-1s
Aquafina 1.5ltr,https://www.dvago.pk/p/aquafina-1-5ltr
Bona Papa Baby Diapers Super Junior Extra Large Size 5 50pcs,https://www.dvago.pk/p/bona-papa-super-junior-xl-1s
Knorr Chicken Noodle Pack 50g,https://www.dvago.pk/p/knorr-noodle-chicken-50g
Butterfly Ultra-Thin Economy Pack Sanitary Pads Extra Long 7 Pcs,https://www.dvago.pk/p/butterfly-ultra-extra-large-7s
Nan 3 Growing-Up Formula Powder Milk 300g,https://www.dvago.pk/p/nan-3-300gs
Meiji Lactoless Lactose Free Formula Milk Powder 350g,https://www.dvago.pk/p/meiji-lactoless-powdered-milk-350g
Senior Adult Diapers Size Xl 10pcs,https://www.dvago.pk/p/senior-adult-diapers-extra-large-single
Lu Prince Chocolate Biscuits Snack Pack,https://www.dvago.pk/p/lu-chocolate-prince-biscuits-snack-pack
Dermive Oil Free Moisturizer Lotion 100ml,https://www.dvago.pk/p/dermive-oil-free-moisturizing-lotion-100ml
Candyland Chili Mili Jelly Fun Pack 20g,https://www.dvago.pk/p/candyland-chili-mili-jelly-funpack-20g
Momse Wipes Regular Pack (Box = 66pcs),https://www.dvago.pk/p/momse-regular-wipes-66s
Rough Rider Studded Condom 3s,https://www.dvago.pk/p/rough-rider-studded-3s
Aptamil Advance 1 - Next Generation Infant Formula Milk Powder 400g (Soft Pack),https://www.dvago.pk/p/aptamil-advance-1-sp-400gm
Hilal Cup Kake Chocolate,https://www.dvago.pk/p/hilal-cup-kake-chocolate
Ponds Triple Vitamin Moisturizing Lotion 100ml,https://www.dvago.pk/p/ponds-triple-vitamin-moisturising-lotion-silky-smooth-skin-100ml
Enfagrow A+ Stage 3 Vanilla Milk Powder 760g,https://www.dvago.pk/p/enfagrow-a-stage-3-vanilla-760g
Dermive Sensitive Moisturizer 100ml 1s,https://www.dvago.pk/p/dermive-sensitive-moisturizer-100ml-1s
Knorr Noodles Chattpatta Family Pack (4 Pcs) 200g,https://www.dvago.pk/p/knorr-noodle-chatpata-4p-200g
Physiogel Daily Moisture Therapy Body Lotion 200ml,https://www.dvago.pk/p/physiogel-moisturizer-daily-moisture-therapy-body-lotion-200ml
Butterfly Breathables Maxi Thick Sanitary Pads Extra Long 8 Pcs,https://www.dvago.pk/p/butterfly-maxi-extra-large
Candyland Cloud-9 Chocolate Coated Wafers,https://www.dvago.pk/p/candyland-cloud9-chocolate-coated-wafers
Bona Papa Magic Baby Diapers Extra Large Size 5 36pcs,https://www.dvago.pk/p/bona-papa-magic-eoc-e-large
Neolac 2 Follow-On Formula Milk Powder 400g,https://www.dvago.pk/p/neolac-2-400g-400g
Nan Stage 1 Starter Infant Formula Milk Powder 300g (Soft Pack),https://www.dvago.pk/p/nan-1-sp-300g
Momse Antibacterial Wipes (Box = 72pcs),https://www.dvago.pk/p/momse-antibacterial-wipes-72s
Senior Adult Pull Up Size Medium 10pcs,https://www.dvago.pk/p/senior-pull-up-adult-diapers-medium-10-count
Nan Ar Milk Powder 380g,https://www.dvago.pk/p/nan-ar-380g
Meiji Big Milk Powder 400g,https://www.dvago.pk/p/meiji-big-growing-up-formula-powdered-milk-400g
Lu Tuc Biscuit Half Roll,https://www.dvago.pk/p/lu-tuc-biscuits-half-roll
Bona Papa Magic Baby Diapers Large Size 4 40pcs,https://www.dvago.pk/p/bona-papa-magic-eco-large
Cerelac 3 Fruits & Wheat 175g,https://www.dvago.pk/p/nestle-cerelac-3-fruits-175gm
Nan Stage 2 Follow-Up Formula Powder Milk 600g,https://www.dvago.pk/p/nan-2-milk-powder-600gm
Canbebe Baby Diapers Maxi Size 4 50pcs,https://www.dvago.pk/p/canbebe-maxi-50p
Silcio Ceramide Moisturizer 140ml,https://www.dvago.pk/p/silcio-ceramide-moisturizer-140ml
First Answer Ovulation/Lh Test,https://www.dvago.pk/p/first-answer-ovulation-test-strip-5-count
Hemani Pure Coconut Hair Oil 100ml,https://www.dvago.pk/p/hemani-pure-coconut-hair-oil-blue-100ml
Ponds Triple Vitamin Moisturizing Lotion 200ml,https://www.dvago.pk/p/ponds-triple-vitamin-moisturising-lotion-silky-smooth-skin-200ml
Josh Roughly,https://www.dvago.pk/p/josh-roughly-12s
Candyland Bisca Biscuit With Chocolate & Caramel,https://www.dvago.pk/p/candyland-bisca-biscuit-with-chocolate-and-caramel
Candyland Abc Jelly Party Pack 42g,https://www.dvago.pk/p/candyland-abc-jelly-party-pack-42g
Bisconni Chip Hop Chocolate Cookies Snack Pack,https://www.dvago.pk/p/bisconi-chip-hop-sp
Pediasure Triplesure Chocolate Milk Powder 400g,https://www.dvago.pk/p/pediasure-chocolate-400g
Similac Total Comfort Stage 2 Milk Powder 360g,https://www.dvago.pk/p/similac-total-comfort-2-360g
Lactogen 2 Follow-Up Formula Milk Powder 800g,https://www.dvago.pk/p/nestle-lactogen-2-800g-bib
Lactogen Recover Low Lactose Milk Powder 200g,https://www.dvago.pk/p/nestle-lactogen-recover-180g-bib
Butterfly Mother Comforts Extra Large 10pcs,https://www.dvago.pk/p/mother-comforts-extra-lrg-10s
Molfix Baby Pants Jumbo Pack Junior Size 5 44pcs,https://www.dvago.pk/p/molfix-pants-junior-44s-jumbo
"Cerelac Natures Selection Cereal, Multigrain, Dates & Bananalicious 175g",https://www.dvago.pk/p/cerelac-nature-date-175g
Morinaga Bf-Mama Nutritional Supplement Vanilla Powder Milk 200g,https://www.dvago.pk/p/morinaga-bf-mama-nutritional-supplement-vanilla-200g
Lu Biscuits Zeera Plus Half Roll,https://www.dvago.pk/p/lu-biscuits-zeera-plus-half-roll
Saeed Ghani Organic Rose Water Spray 120ml,https://www.dvago.pk/p/saeed-ghani-organic-rose-water-spray-120ml-1s
Candyland Yums Fruity Chews 10g,https://www.dvago.pk/p/candyland-yums-fruity-chews-10g
Molfix Baby Diapers Jumbo Pack Extra Large Size 6 38pcs,https://www.dvago.pk/p/molfix-baby-diapers-e-large-38s-jumbo
Skin Aqua Clear White Spf-50 Cream 25g,https://www.dvago.pk/p/skin-aqua-clear-white-spf50
Baketime Marble Slices,https://www.dvago.pk/p/baketime-marble-slices
Morinaga Bf Grow 3 Growing Up Formula 600g,https://www.dvago.pk/p/morinaga-bf-3-grow-600-gm-box
Sofped Adult Diapers Size Xlarge 10pcs,https://www.dvago.pk/p/sof-ped-adult-daiper
Morinaga Bf-2 Follow Up Formula Milk Powder Soft Pack 300g,https://www.dvago.pk/p/bf-2-grow-300gm-box
Morinaga Bf-3 Growing Up Formula Milk Powder 300g,https://www.dvago.pk/p/morinaga-bf-3-growing-up-formula-300g
Butterfly Ultra Big Saver Sanitary Pads Long Xxl 32pcs,https://www.dvago.pk/p/butterfly-ultra-eco-t-xxl-32s
Pakola Zafran Almond & Cardamom Flavored Milk 235ml,https://www.dvago.pk/p/pakola-zafran-milk-235ml-12s
Skin Aqua Moisturizing Serum 75ml,https://www.dvago.pk/p/sunplay-skin-aqua-moisturizing-serum-75ml
Lactogrow 3 Growing-Up Formula Milk Powder 800g,https://www.dvago.pk/p/nestle-lactogrow-3-800g-bib
Molfix Baby Pants Jumbo Pack Extra Large 6 38pcs,https://www.dvago.pk/p/molfix-pants-xl-38s-jumbo
U-Veil Forte Spf-60 Sunscreen Cream 30g,https://www.dvago.pk/p/u-veil-forte-cream-1s
Baketime Plain Slices,https://www.dvago.pk/p/baketime-plain-slices
Lactogen 1 Infant Formula Milk Powder 200g,https://www.dvago.pk/p/nestle-lactogen-1-200g-bib
Bareback Ultra Thin Condom 3s,https://www.dvago.pk/p/bareback-ultra-thin-3s
Spectra Block Spf60 Sunblock 40g,https://www.dvago.pk/p/spectra-block-spf60-sunblock-40g
Cow & Gate 3 Growing Up Formula Milk Powder 400g (Soft Pack),https://www.dvago.pk/p/cow-and-gate-step-up-stage-3-powdered-milk-400g
Pre Nan Milk Powder 400g,https://www.dvago.pk/p/nestle-prenan-400g-tin
Morinaga Bf-2 Follow Up Formula Milk Powder 400g,https://www.dvago.pk/p/morinaga-bf-2-follow-up-formula-400g
Pakola Chocolate Flavoured Milk 235ml,https://www.dvago.pk/p/pakola-choco-milk-235ml-12s
Nan Stage 1 Starter Infant Formula Milk Powder 600g,https://www.dvago.pk/p/nan-1-milk-powder-600gm
Durex Play Tingle Lubricant Gel Lube 50ml,https://www.dvago.pk/p/durex-play-tingle-lube-50ml-gel
Pepsi Cola 500ml,https://www.dvago.pk/p/pepsi-cola-500ml
De-Lice Shampoo 1% 60ml,https://www.dvago.pk/p/de-lice-shampoo-1s
Solaris Ultra Cream 60ml,https://www.dvago.pk/p/solaris-ultra-cream-1s
Butterfly Breathables Maxi Thick Sanitary Pads Long 9pcs,https://www.dvago.pk/p/butterfly-maxi-breath-l-9s
Candyland Abc Jelly 20g,https://www.dvago.pk/p/candyland-abc-jelly-20g
Sun Pro-80 Sun Block Spf 50+ Cream 30g,https://www.dvago.pk/p/sunpro-80-spf50-30g-1s
Meiji Kid Plus 600g,https://www.dvago.pk/p/meiji-kid-plus-600g
Enfamil A+ Stage 2 Milk Powder 760g,https://www.dvago.pk/p/enfamil-a-stage-2-800g
Lu Prince Chocolate Family Pack 100g,https://www.dvago.pk/p/lu-prince-chocolat-family-pack
Leo Adult Diapers Size Large,https://www.dvago.pk/p/leo-adult-diaper-large-10s
Solar Max Spf 50 Sc Gel 30g,https://www.dvago.pk/p/solarmax-sc-30-grams-30-grams-gel
Aptamil Advance Junior 3 - Next Generation Growing Up Formula Milk Powder 400g (Soft Pack),https://www.dvago.pk/p/aptamil-adv-junior-3-sp-400gm
Spectra Matt Spf-40 Sunblock 30g,https://www.dvago.pk/p/spectra-matt-sunblock-30g
Nan Lactose Free Milk Powder 400g,https://www.dvago.pk/p/nan-lactose-free-400g
Molfix Baby Diapers Jumbo Pack Maxi Size 4 50pcs,https://www.dvago.pk/p/molfix-baby-diapers-maxi-50s-jumbo
Cerelac Wheat 350g,https://www.dvago.pk/p/nestle-cerelac-wheat-350gm
Butterfly Breathables Ultra-Thin Cottony Sanitary Pads Long 8 Pcs,https://www.dvago.pk/p/butterfly-breathables-8s
Canbebe Comfort Dry Diapers Mega Pack E Large Size 6 58 Pcs,https://www.dvago.pk/p/canbebe-comfort-dry-diapers-mega-pack-elarge-
Sebornil Anti Dandruff Shampoo 100ml,https://www.dvago.pk/p/sebornil-anti-dandruff-shampoo-100ml
Hemani Coconut Hair Oil 200ml,https://www.dvago.pk/p/hemani-coco-hairoil
Pampers Baby Pants Jumbo Pack Junior Size 5 22 Pcs,https://www.dvago.pk/p/pants-jp-size-5-22-pc
Cotton Buds Asstd Colour 100s,https://www.dvago.pk/p/cool-cool-cotton-buds-assorted-colours-100-count
Candyland You Creamiest Chocolate 21g,https://www.dvago.pk/p/candyland-you-creamiest-chocolate-21g
Bisconni Novita Chocolate Wafers,https://www.dvago.pk/p/bisconni-novita-chocolate-wafers
Morinaga Bf-2 Follow-Up Formula Milk Powder Box 600g,https://www.dvago.pk/p/bf-2-grow-600gm-box
Butterfly Maxi Thick Cottony Soft Sanitary Pads Extra Long 16pcs,https://www.dvago.pk/p/bf-maxi-thick-cotn-xl-16pcs
Spectrum Max Cream Spf 100 40g,https://www.dvago.pk/p/spectram-max-cream-100spf-1s
7up 500ml,https://www.dvago.pk/p/7up-500ml
Baby Wipes 40s,https://www.dvago.pk/p/cool-cool-baby-wipes-40-count
Lactogen 1 Infant Formula Milk Powder 800g,https://www.dvago.pk/p/nestle-lactogen-1-800g-bib
Enfamil A+1 Milk Powder 380g,https://www.dvago.pk/p/enfamil-a-stage-1-400g
Lu Candi Original Half Roll Biscuit 63.8g,https://www.dvago.pk/p/lu-candi-biscuits-half-roll
Skyn Original Non Latex Condom (Pack Of 3),https://www.dvago.pk/p/skyn-orignal-non-latex-3s
Bisconni Cocomo Strawberry Biscuits 13.8g,https://www.dvago.pk/p/bisconni-coccomo-strawberry-biscuits-13-8g
Durex Extended Pleasure Condoms (Pack Of 12),https://www.dvago.pk/p/durex-extended-pleasure-condom-pack-of-12
Sting Berry Blast 500ml,https://www.dvago.pk/p/sting-berry-blast-500ml
"Cerelac Apple, Strawberry & Pear 175g",https://www.dvago.pk/p/nestle-cerelac-apple-pear-strawberry-175gm
Bisconni Cocomo Orange Biscuit 13.8g,https://www.dvago.pk/p/bisconni-cocomo-orange-pack-13-8g
Bona Papa Baby Diapers Super Economy Pack New Born Size 1 50pcs,https://www.dvago.pk/p/bona-pap-super-eco-nb-1s
Pediasure Triplesure Chocolate Milk Powder 850g,https://www.dvago.pk/p/pediasure-chocolate-850g
Cow & Gate 2 Follow-On Formula Milk Powder 400g,https://www.dvago.pk/p/cow-and-gate-blue-stage-2-powdered-milk-400g
Lactogen 1 Infant Formula Milk Powder 400g,https://www.dvago.pk/p/nestle-lactogen-1-400g-bib
Nestle Fruita Vitals Chaunsa Mango Nectar 1l,https://www.dvago.pk/p/nestle-fruita-vitals-chaunsa-fruit-nectar-1000ml
Durex Extra Safe Condom 3pcs,https://www.dvago.pk/p/durex-extra-safe-condom-pack-of-3
Hi Lacta Capsules (1 Strip = 10 Capsules),https://www.dvago.pk/p/hi-lacta-capsules-60s
Durex Invisible Condoms (Box = 12pcs),https://www.dvago.pk/p/durex-invisible-extra-thin-condom-pack-of-12
Nestle Fruita Vitals Apple Fruit Nectar 200ml,https://www.dvago.pk/p/nestle-fruita-vitals-apple-fruit-nectar-200ml
Enfagrow A+3 Milk Powder 380g,https://www.dvago.pk/p/enfagrow-a-stage-3-vanilla-400g
Mother Comforts Stick On Size Xxl 10 Pcs,https://www.dvago.pk/p/mother-comforts-xxl-10s
Butterfly Ultra-Thin Economy Pack Sanitary Packs Long 8 Pcs,https://www.dvago.pk/p/butterfly-ultra-large-8s
Lu Bakeri Butter Family Pack,https://www.dvago.pk/p/lu-bakeri-butter-family-pack-
Lu Wheatable Sugar Free Biscuits (Family Pack),https://www.dvago.pk/p/lu-wheatable-sf-family-pack
Lu Tuc Biscuit Half Roll,https://www.dvago.pk/p/lu-tuc-biscuit-half-roll
Durex Condoms Extra Safe Extra Thick Safety Condoms 3pcs (Pack Of 4),https://www.dvago.pk/p/buy-3-durex-extra-safe-of-3s-and-get-1-free
Nan Stage 2 Follow-Up Formula Milk Powder 300g,https://www.dvago.pk/p/nan-2-300gs
Always Maxi Thick Sanitary Pads Extra Long Trio Pack,https://www.dvago.pk/p/always-thicks-sanitary-pads-extra-long-trio-pack-28-count
Canbebe Baby Diapers Midi Size 3 36pcs,https://www.dvago.pk/p/canbebe-midi-comfort-dry-diapers-pack-of-36
Cadbury D Per Milk Fruit And Nut 38 Grams,https://www.dvago.pk/p/cadbury-d-per-milk-fruit-and-nut-38-grams
Slice Mango Tetra 200ml,https://www.dvago.pk/p/slice-mango-tetra-200ml
Cerelac Wheat 175g,https://www.dvago.pk/p/nestle-cerelac-wheat-175gm
Nestle Fruita Vitals Red Grapes Fruit Drink 200ml,https://www.dvago.pk/p/nestle-fruita-vitals-red-grape-fruit-drink-200-ml
Pakola Strawberry Flavored Milk 235ml,https://www.dvago.pk/p/pakola-straw-milk-235ml-12s
Canbebe Comfort Dry Diapers Mega Pack Junior Size 5 66pcs,https://www.dvago.pk/p/canbebe-comfort-dry-diapers-mega-pack-junior-
Molfix Junior Diapers Jumbo Pack Junior Size 5 44pcs,https://www.dvago.pk/p/molfix-baby-diapers-junior-44s-jumbo
Xelio Bodywash 180ml,https://www.dvago.pk/p/xelio-body-wash-180ml-1s
Similac Total Comfort Stage 3 Milk Powder 360g,https://www.dvago.pk/p/similac-total-comfort-3-360g
Durex Invisible Condoms Pack Of 3,https://www.dvago.pk/p/durex-invisible-extra-thin-condom-pack-of-3
Bona Papa Magic Baby Diapers Medium Size 3 44pcs,https://www.dvago.pk/p/bona-papa-magic-eco-medium-44pcs
Cow & Gate 1 Infant Formula Milk Powder 400g,https://www.dvago.pk/p/cow-and-gate-stage-1-powdered-milk-400g
Baby Wipes 25s Travel Pack,https://www.dvago.pk/p/cool-cool-baby-wipes-travel-pack-25-count
Lu Bakeri Coconut Biscuits Half Roll,https://www.dvago.pk/p/lu-bakeri-coconut-biscuits-half-roll
Bona Papa Baby Diapers Super Economy Small Size 2 50pcs,https://www.dvago.pk/p/bona-papa-super-eco-small-1s
Similac Total Comfort Stage 1 Milk Powder 360g,https://www.dvago.pk/p/similac-total-comfort-1-360g
Leo Baby Diapers Super Mega Pack Size 5 X-Large 60pcs,https://www.dvago.pk/p/leo-baby-diapers-mega-pack-extra-large-60s
Gillette Blue Ii Plus Shaving Razor Single,https://www.dvago.pk/p/gillette-blue-ii-plus-shaving-razor-single
Morinaga Bf-3 Growing-Up Formula Milk Powder 400g,https://www.dvago.pk/p/morinaga-bf-3-growing-up-formula-400g
Pampers Baby Dry Diapers Medium Size 3 56 Pcs,https://www.dvago.pk/p/pampers-baby-dry-diaper-medium-size3-56pcs
Nescafe Chilled Latte 220ml,https://www.dvago.pk/p/nescafe-chilled-latte-pet-220ml
Always Maxi Thick Night Sanitary Pads Extra Long Single Pack,https://www.dvago.pk/p/always-thicks-maxi-night-sanitary-pads-extra-long-single-pack-9-count
Cerelac Red Fruits 175g,https://www.dvago.pk/p/nestle-cerelac-red-fruits-175gm
Lactogen 2 Follow-Up Formula Milk Powder 400g,https://www.dvago.pk/p/nestle-lactogen-2-400g-bib
Lifestyles Endurance Delay Long Lasting Condoms,https://www.dvago.pk/p/lifestyle-endurance-delay-1s
Medisign Digital Thermometer (Flexible Tip) Kft 06,https://www.dvago.pk/p/digital-thermometer-kft-06-1s
Shield Nipple Regular 2 Count,https://www.dvago.pk/p/shield-nipple-regular-2-count
Sas Care Bar 75g,https://www.dvago.pk/p/sas-care-bar-75g-soap
Lu Bakeri Naankhatai Family Pack 84g,https://www.dvago.pk/p/lu-nan-khatai-family-pack
Acne Soft Bar 75g,https://www.dvago.pk/p/acne-soft-bar75-grams-bar75-grams
Bona Papa Magic Baby Diapers Small Size 2 48pcs,https://www.dvago.pk/p/bona-papa-magic-eco-small
Enfamil A+1 Milk Powder 760g,https://www.dvago.pk/p/enfamil-a-stage-1-800g
Butterfly Mother Comforts Ultra Medium Sanitary Pads 16pcs,https://www.dvago.pk/p/butterfly-mother-comforts-sanitary-pad-liner-medium-16-count
Butterfly Breathables Maxi Thick Fabric Soft Sanitary Pads Long Value Pack 18pcs,https://www.dvago.pk/p/butterfly-maxi-large-v-pack
Mothercare Antibacterial Adult Wipes (Box = 40pcs),https://www.dvago.pk/p/mothercare-adult-wipes-1s
Butterfly Breathables Maxi Thick Cottony Soft Sanitary Pads Long 9pcs,https://www.dvago.pk/p/butterfly-bre-m-tcotny-l9p
Canderel Sweetener Tablets With Sucralose (Box = 100 Tablets),https://www.dvago.pk/p/canderel-sweetener-tablets-with-sucralose-1s
Pampers Pants Mega Pack Medium Size 3 56pcs,https://www.dvago.pk/p/pampers-pants-mega-pack-size3-56pcs
Momse Jumbo Pants Extra Large Size 5 46pcs,https://www.dvago.pk/p/momse-jumbo-pants-xlarge-46s
Knorr Noodles Chicken Family Pack (4 Pcs) 200g,https://www.dvago.pk/p/knorr-noodle-chicken-4p-200g
Lu Wheatable Ticky Pack,https://www.dvago.pk/p/lu-wheatable-biscuits-ticky-pack
Pulse Dotted Premium 3s,https://www.dvago.pk/p/pulse-dotted-premium
Canbebe Baby Diapers New Born Size 1 84pcs,https://www.dvago.pk/p/canbebe-new-born-comfort-dry-diapers-pack-of-84
Morinaga Bf-P Low Birth Weight Powder Milk 400g,https://www.dvago.pk/p/morinaga-bf-p-special-formula-for-low-birth-weight-infants-400g
Lu Wheatable Biscuits (Family Pack),https://www.dvago.pk/p/lu-wheatable-biscuits-family-pack
Butterfly Long Ultra Big Saver Sanitary Pads Xxl 8pcs,https://www.dvago.pk/p/butterfly-ultra-eco-xxl-8s
Molfix Baby Diapers Twin Pack Newborn Size 1 42pcs,https://www.dvago.pk/p/molfix-newborn-42s-twin
Lu Gala Egg Biscuits Family Pack,https://www.dvago.pk/p/lu-gala-biscuits-family-pack
Nestle Fruita Vitals Peach Fruit Drink 200ml,https://www.dvago.pk/p/nestle-fruita-vitals-peach-fruit-drink-200ml
Lu Bakeri Nan Khatai Biscuits Snack Pack,https://www.dvago.pk/p/lu-bakeri-nan-khatai-sp
Pampers Pants Mega Pack Maxi Size 4 50pcs,https://www.dvago.pk/p/pampers-pants-mp-size-4-50pcs
Canderel With Stevia Tablets (Box = 100 Tablets),https://www.dvago.pk/p/canderel-stevia-tablets-100s
Medicare Breast Pump,https://www.dvago.pk/p/medicare-breast-pump-1s
Molfix Baby Pants Twin Pack Extra Large Size 6 19pcs,https://www.dvago.pk/p/molfix-pants-xl-19s-twin
Leo Adult Diapers Size X-Large,https://www.dvago.pk/p/leo-adult-daipers-x-large-10s
Shield Nipple Anticollic X2,https://www.dvago.pk/p/shield-nipple-anticollic-x2
Hemani Herbal Tea Moringa - Pack Of 20,https://www.dvago.pk/p/hemani-herbal-tea-moringa
Always Maxi Thick Sanitary Pads Long Value Pack,https://www.dvago.pk/p/always-thicks-maxi-sanitary-pads-long-value-pack-18-count
Lifebuoy Herbal Strong Strength Shampoo 175ml,https://www.dvago.pk/p/lifebouy-shampoo-herbal-175ml
Nestle Nescafe Classic Coffee 50g,https://www.dvago.pk/p/nescafe-classic-50g
Meiji Pre Special Formula Milk Powder 400g,https://www.dvago.pk/p/meiji-pre-powdered-milk-400g
Enfamama A+ Chocolate Milk Powder 400g,https://www.dvago.pk/p/enfamama-a-chocolate-400g
Lu Bakeri Coconut Family Pack,https://www.dvago.pk/p/lu-bakeri-coconut-biscuits-family-pack
Molped Maxi Thick Hygiene Shield Long 9pcs,https://www.dvago.pk/p/molped-maxi-thick-hygiene-shield-long-9pcs
Candyland Bubble Pop Tutti Frutti Bubble Gum,https://www.dvago.pk/p/candyland-bubble-pop-tutti-fruity-bubble-gum
Boric Calendula Kracks Cream 20g,https://www.dvago.pk/p/boric-calendula-kracks-cream
Lifestyles Wet N Wild Extra Lubricated Condoms,https://www.dvago.pk/p/lifestyle-wet-n-wild-1s
Molfix Baby Diapers Jumbo Pack Midi Size 3 56pcs,https://www.dvago.pk/p/molfix-baby-diapers-midi-56s-jumbo
Aptamil Advance 2 - Next Generation Follow-On Formula Milk Powder 900g,https://www.dvago.pk/p/aptamil-advance-2-900gm
Cool & Cool Adult Alcohol Wipes,https://www.dvago.pk/p/cc-adult-alcohol-wipes-72s
Ponds Bright Beautyface Wash 100 Grams,https://www.dvago.pk/p/ponds-bright-beauty
Chil School Vanilla 900 Grams,https://www.dvago.pk/p/morinaga-chil-school-stage-4-vanilla-900g
Sensodyne Multi Care Soft Toothbrush,https://www.dvago.pk/p/sensodyne-multicare-brush-soft
Lactogen 2 Follow-Up Formula Milk Powder 200g,https://www.dvago.pk/p/nestle-lactogen-2-200g-bib
Enfamama A+ Vanilla Milk Powder 400g,https://www.dvago.pk/p/enfamama-a-vanilla-400g
Nexton Baby Lotion 65ml,https://www.dvago.pk/p/nexton-baby-lotion-65ml
Garnier Skin Active Bright Complete Vitamin C Facewash 100ml,https://www.dvago.pk/p/garnier-skin-active-bright-complete-vitamin-c-facewash-100ml
"Nestle Cerelac Multigrain,Mango,Pineapple & Strawberry 175g",https://www.dvago.pk/p/nestle-cerelac-multigrain-mango-pineapple-strawberry-175g
Forhans Hand Sanitizer 65ml,https://www.dvago.pk/p/forhans-hand-sanitizer-65ml
Nescafe Chilled Hazelnut Coffee 220ml,https://www.dvago.pk/p/nescafe-chilled-hazelnut-220ml
Nescafe Chilled Salted Caramel Coffee 220ml,https://www.dvago.pk/p/nescafe-salted-caramel-220ml
Molfix Baby Pants Jumbo Pack Maxi Size 4 50pcs,https://www.dvago.pk/p/molfix-pants-maxi-50s-jumbo
Lu Bakeri Bistiks Half Roll,https://www.dvago.pk/p/lu-bakeri-bistiks-half-rolls
Butterfly Maxi Thick Cottony Sanitary Pads Large 18pcs,https://www.dvago.pk/p/bf-maxi-thick-cottn-l-18pcs
Aptamil Advance Junior 3 - Next Generation Growing Up Formula Milk Powder 900g,https://www.dvago.pk/p/aptamil-advance-junior-3-900gm
Bisconni Day Dream Premium Coffee Cookies Family Pack,https://www.dvago.pk/p/bisconni-day-dream-fp
Similac Isomil Infant Stage 1 Milk Powder 400g,https://www.dvago.pk/p/similac-isomil-400g
Cuddles Wide Neck Anti-Colic Feeding Bottle 1m+ 150ml,https://www.dvago.pk/p/cuddles-wide-neck-feeder-150ml
Pulse Delay Premium 3s,https://www.dvago.pk/p/pulse-delay-premium-3s
Cow & Gate 1 Infant Formula Milk Powder 200g,https://www.dvago.pk/p/cow-and-gate-1-s-per-f-200g-200g
Hemani Antiseptic Hand Sanitizer 250ml,https://www.dvago.pk/p/hemani-antiseptic-hand-sanitizer-250ml
Sofped Adult Diapers Size L 10pcs,https://www.dvago.pk/p/sof-ped-adult-daiper-l
Always Ultra Sanitary Pads Extra Long Single Pack,https://www.dvago.pk/p/always-ultra-sanitary-pads-extra-long-single-pack-7-count
Pepsi 1litre,https://www.dvago.pk/p/pepsi-1000ml
Pepsi 345ml,https://www.dvago.pk/p/pepsi-345ml
Kernel Pop Natural Corn,https://www.dvago.pk/p/kernel-natural-pop-corn
Kernel Pop Rtc 80 Grams Buttur 80 Grams,https://www.dvago.pk/p/kernal-pop-kettle-popcorn-butter-90g
Lactogrow 3 Growing-Up Formula Milk Powder 400g,https://www.dvago.pk/p/nestle-lactogrow-3-400g-bib
Enfamil A+ Stage 2 Milk Powder 380g,https://www.dvago.pk/p/enfamil-a-stage-2-400g
Saeed Ghani Pure & Natural Coconut Hair Oil 200ml,https://www.dvago.pk/p/saeed-ghani-pure-natural-coconut-oil-200ml-1s
Garnier Skin Active Bright Complete Face Wash 50ml,https://www.dvago.pk/p/garnier-skin-active-bright-complete-facewash-50ml
Pampers Jumbo Pack Size 5 Junior 22pcs,https://www.dvago.pk/p/pampers-jumbopack-size5-junior-22pcs
Molfix Baby Diapers Twin Pack Junior Size 5 22pcs,https://www.dvago.pk/p/molfix-baby-diapers-junior-size5-22s-twin
Molfix Baby Diapers Jumbo Pack Mini Size 2 70pcs,https://www.dvago.pk/p/molfix-baby-diapers-mini-70s-jumbo
Lu Wheatable Sugar Free Ticky Pack,https://www.dvago.pk/p/lu-wheatable-s-f-t-p-15s
Saeed Ghani Tea Tree & Neem Face Wash 100ml,https://www.dvago.pk/p/saeed-ghani-tea-tree-neem-face-wash-100ml
Bisconni Day Dream Premium Coffee Cookies Snack Pack,https://www.dvago.pk/p/bisconni-day-dream-sp
Pediasure Triplesure Vanilla Milk Powder 850g,https://www.dvago.pk/p/pediasure-vanilla-850g
Meiji Kid Plus 200g,https://www.dvago.pk/p/meiji-kid-plus-200g
Bunyad 900 Grams,https://www.dvago.pk/p/bunyad-900g
Nido 3+ Growing Up Formula Powder 375g,https://www.dvago.pk/p/nido-3-plus-375-gramss
Cadbury Dairy Milk Bubbly 13.5 Grams,https://www.dvago.pk/p/cadbury-d-milk-bubbly-135-grams
Aquafina 500ml,https://www.dvago.pk/p/aquafina-500ml
Cerelac Yellow Fruit 175g,https://www.dvago.pk/p/nestle-cerelac-yellow-fruits-175gm
Nestle Fruita Vitals Kinnow Nectar 1000ml,https://www.dvago.pk/p/nestle-fruita-vitals-kinnow-fruit-nectar-1000ml
Shield Deluxe Feeder 250ml,https://www.dvago.pk/p/shield-deluxe-feeder-250ml
Lu Candi Family Pack,https://www.dvago.pk/p/lu-candi-biscuits-family-pack
Butterfly Breathables Panty Liners 20pcs,https://www.dvago.pk/p/butterfly-panty-liners-l-20s
Butterfly Long Ultra Big Saver Sanitary Pads Long 18pcs,https://www.dvago.pk/p/butterfly-ultra-eco-l-18s
Candyland Puffs Rainbow Marshmallow Pouch 62.5g,https://www.dvago.pk/p/candyland-puffs-rainbow-marshmallow-pouch-62-5g
Bisconni Mi Amor Chocolate Cookies Snack Pack,https://www.dvago.pk/p/bisconni-mi-amor-sp
Dari Mooch De-Tan Facewash 100ml,https://www.dvago.pk/p/dmooch-facewash-de-tan-100ml
Leo Adult Diapers Size Medium,https://www.dvago.pk/p/leo-adult-daipers-medium
Jojo Basket Balls,https://www.dvago.pk/p/jojo-basket-balls-12s
Dettol Soap Original 130 Grams,https://www.dvago.pk/p/dettol-soap-original-130g
Prep Up Wheat Milk Fruit 175 Grams,https://www.dvago.pk/p/prep-up-wheat-milk-fruit-175g
Hilal Cup Kake Strawberry,https://www.dvago.pk/p/hilal-cup-kake-strawberry
Alshifa Natural Honey 250g,https://www.dvago.pk/p/alshifa-natural-honey-250-grams
Everyday 850 Grams,https://www.dvago.pk/p/everyday-850g
Sofped Adult Diapers Size Medium 10pcs,https://www.dvago.pk/p/sof-ped-adult-daiper-m
Gillette Blue Ii Plus Shaving Razor Bag Of 3,https://www.dvago.pk/p/gillette-blue-ii-plus-shaving-razor-bag-of-3
Nursing Pad Hygne Absrb 30s,https://www.dvago.pk/p/cool-cool-nursing-pads-hygienic-with-ultra-absorbent-30-count
Coton Buds Astd Color 200s Bx,https://www.dvago.pk/p/cool-cool-cotton-buds-assorted-colours-200-count
7up 345ml,https://www.dvago.pk/p/7up-345ml
Sensodyne Multi Care Medium Toothbrush,https://www.dvago.pk/p/sensodyne-multicare-brush-medium
Parodontax Original Toothpaste 50g,https://www.dvago.pk/p/parodontax-original-for-bleeding-gums-50-gm
Nido Bunyad Milk Powder 260g,https://www.dvago.pk/p/nestle-bunyad-260g
Dove Hairfall Rescue Conditioner 180ml,https://www.dvago.pk/p/dove-conditioner-hair-fall-rescue-180ml
Dove Intense Repair Shampoo 175ml,https://www.dvago.pk/p/dove-shampoo-intense-repair-175ml
Shield Flex Junior Kids Toothbrush,https://www.dvago.pk/p/shield-flex-junior-toothbrush
Josh Delay 12s,https://www.dvago.pk/p/josh-delay-12s
Nestle Nido Fortigrow Milk Powder 900g,https://www.dvago.pk/p/nido-growth-900gm
Pampers Jumbo Pack Size 3 Medium 28pcs,https://www.dvago.pk/p/pamp-jp-med-butterfly-28pk
Hilal Khopra Bag (Pack Of 35 Candies),https://www.dvago.pk/p/hilal-khopra-bag-35pcs-1s
Molfix Baby Diapers Twin Diapers Mini Size 2 35pcs,https://www.dvago.pk/p/molfix-mini-35s-twin
Dari Mooch Charcoal Facewash 100ml,https://www.dvago.pk/p/dmooch-fwash-charcoal-100ml
Prep Up Rice 175g,https://www.dvago.pk/p/prep-up-rice-175g
Certeza Manual Breast Pump Br-520,https://www.dvago.pk/p/br520-manual-breast-pump
Hemani Castor Oil 30ml,https://www.dvago.pk/p/hemani-castor-oil-30-ml-oil
Happylife Pregstrip (25x1),https://www.dvago.pk/p/happylife-pregstrip-25x1-
Dairy Milk 38 Grams Roast Almond,https://www.dvago.pk/p/cadbury-dairy-milk-40g-roast-almond
Nivea Natural Fairness Body Lotion 400ml,https://www.dvago.pk/p/nivea-natural-fairness-body-lotion-400ml
Pepsi Soft Drink 1.5liter,https://www.dvago.pk/p/pepsi-1500ml
Sensodyne Deep Clean Toothpaste 100g,https://www.dvago.pk/p/sensodyne-deep-clean-100gm
Fair & Lovely Advanced Multi Vitamin Face Cream 50g,https://www.dvago.pk/p/fair-lovely-advanced-multi-vitamin-cream-50ml
Dove Hairfall Rescue Shampoo 175ml,https://www.dvago.pk/p/dove-shampoo-hair-fall-rescue-175ml
Shield Giggles Kids Toothbrush,https://www.dvago.pk/p/shield-giggles-toothbrush
Veet Pure Hair Removal Cream For Dry Skin 100g,https://www.dvago.pk/p/veet-cream-dry-100g
Canderel Tablets (1 Box = 100 Tablets),https://www.dvago.pk/p/canderel-tablets-100s
Saeed Ghani Vitamin C Brightening & Anti-Aging Face Wash 100ml,https://www.dvago.pk/p/saeed-ghani-vitamin-c-brightening-anti-aging-face-wash-100ml-1s
B&B Bunty & Beans Plastic Box (Brown),https://www.dvago.pk/p/bb-brown-24s
Fruit Nation Mango Nectar 200ml,https://www.dvago.pk/p/fruit-nation-mango-nectar-200ml
Nexton Baby Jelly (Fragrance Free) 100g,https://www.dvago.pk/p/nexton-baby-petrolium-jelly-fragrance-free-100gm
Molfix Baby Diapers Twin Pack Maxi Size 4 25pcs,https://www.dvago.pk/p/molfix-maxi-25s-twin
Saeed Ghani Castor Oil 50ml,https://www.dvago.pk/p/saeed-ghani-castor-oil-50ml
Megatar Shampoo 150ml,https://www.dvago.pk/p/megatar-shampoo-150ml
Mabel Caramello Chocolates,https://www.dvago.pk/p/mabel-caramello-chocolate
Bona Papa Magic Baby Diapers Newborn Size 1 50pcs,https://www.dvago.pk/p/bona-papa-magic-new-bron
Mabel Caramello Chocolate Candy,https://www.dvago.pk/p/mabel-caramello-chocolate-40s
Dettol Antibacterial Cool Soap 125g,https://www.dvago.pk/p/dettol-soap-cool-130g
Mortein Xp Coils 10s,https://www.dvago.pk/p/mortein-xp-coils-10s
Nestle Milo Powder 300 Grams,https://www.dvago.pk/p/nestle-milo-powder-300-grams
Shield Orthodontic Soother,https://www.dvago.pk/p/shield-orthodontic-soother
Everyday 560 Grams,https://www.dvago.pk/p/everyday-560-grams
Cow & Gate 4 Growing Up Formula Milk Powder 400g,https://www.dvago.pk/p/cow-and-gate-next-steps-stage-4-powdered-milk-400g
Canbebe Baby Diapers Maxi Size 4 7pcs,https://www.dvago.pk/p/canbebe-maxi-comfort-dry-diapers-pack-of-7
7up 2.25litre,https://www.dvago.pk/p/7up-2250ml
Dove Intense Repair Conditioner 180ml,https://www.dvago.pk/p/dove-conditioner-intense-repair-180ml
Meiji Mamilac Vanilla Sucrose Free Milk Powder 350g,https://www.dvago.pk/p/meiji-mamilac-powdered-milk-350g
Bottle Cleaning Brush Single,https://www.dvago.pk/p/shield-bottle-cleaning-brush
Lu Tuc Biscuits Family Pack,https://www.dvago.pk/p/lu-tuc-biscuits-family-pack
Butterfly Breathables Ultra-Thin Dry Mesh Sanitary Pads Extra Long 7pcs,https://www.dvago.pk/p/butterfly-ultra-breath-el-7s
A-K Chocotella And Fun Chocolate Spread Breadsticks 50g,https://www.dvago.pk/p/ak-choctella-12s
American Kuisine Choctella Surprise Egg Blue 20g,https://www.dvago.pk/p/ak-choctella-egg-boy-12s
Fruit Nation Berryapp Nectar 200ml,https://www.dvago.pk/p/fruit-nation-berryapp-nectar-200ml
Hilal Hajmola Pack (Pack = 35 Candies),https://www.dvago.pk/p/hilal-hajmola-35pc-bag-1s
Baby Mosquito Repellent Spray 65ml,https://www.dvago.pk/p/nexton-baby-mosq-rep-spray-65ml
Molped Maxi Thick Sanitary Pads Extra Long 8pcs,https://www.dvago.pk/p/molped-maxi-thick-sanitary-pads-extra-long-8s
Molfix Baby Pants Twin Pack Junior Size 5 22pcs,https://www.dvago.pk/p/molfix-pant-junior-22s-twin
Molfix Baby Pants Jumbo Pack Midi Size 3 56pcs,https://www.dvago.pk/p/molfix-pants-midi-56s-jumbo
English Anti-Lice Shampoo Large Pack 100ml,https://www.dvago.pk/p/english-antilice-large
Protect Bunny Kids Toothbrush,https://www.dvago.pk/p/protect-bunny-toothbrush-kid
Head & Shoulders Anti-Hairfall Shampoo 185ml,https://www.dvago.pk/p/hs-sh-anti-hairfall-185ml
Dettol Fresh Ab Soap 85g,https://www.dvago.pk/p/dettol-fresh-ab-soap-85g
Hemani Pure Honey 500 Grams,https://www.dvago.pk/p/hemani-pure-honey
Pampers Baby Pants Jumbo Pack Maxi Size 4 25pcs,https://www.dvago.pk/p/pants-jp-size-4-25-pk
Sofped Adult Diapers Size Small 10pcs,https://www.dvago.pk/p/sof-ped-adult-daiper-s
Cadbury Dairy Milk Bubbly 40 Grams,https://www.dvago.pk/p/cadbury-dairy-milk-bubbly-40g
Mountain Dew 500ml,https://www.dvago.pk/p/mountain-dew-500ml
Kernel Pop Cheese,https://www.dvago.pk/p/kernel-pop-microwave-popcorn-cheese-90g
Sensodyne Original Toothpaste 100g,https://www.dvago.pk/p/sensodyne-original-100gm
Nido Fortigrow Milk Powder 390g,https://www.dvago.pk/p/nestle-nido-fortigrow-390-g
Shield Deluxe Plus Feeder 125ml,https://www.dvago.pk/p/shield-deluxe-plus-feeder-125ml
Morinaga Chil-School Growing-Up Milk Stage 4 Vanilla Powder Milk 300g,https://www.dvago.pk/p/morinaga-chil-school-growing-up-milk-vanilla-300g
Colgate Herbal Toothpaste 100g,https://www.dvago.pk/p/colgate-herbal-toothpaste-100g
Delesh Charcoal Facewash 100ml,https://www.dvago.pk/p/de-lesh-charcoal-facewash-100ml
Delesh Refreshing Liquid Soap 500ml,https://www.dvago.pk/p/de-lesh-refresh-handwash-500ml
Benzyclor Mouth Wash 200ml,https://www.dvago.pk/p/benzyclor-mouthwash-200ml-1s
Parodontax Complete Protection Toothpaste 70g,https://www.dvago.pk/p/parodontax-complete-protection-toothpaste-70g
Cuddles Cooling Gum Soother & Teether 3+,https://www.dvago.pk/p/cuddles-cooling-gum-soother-teether-3
Momse Jumbo Pants Xxl Size 6 42pcs,https://www.dvago.pk/p/momse-jumbo-pants-xxl-42s
Molfix Baby Diapers Jumbo Pack Newborn Size 1 84pcs,https://www.dvago.pk/p/molfix-baby%20diapers-newborn-84s-jumbo
Dari Mooch De-Tan Bodywash 300ml,https://www.dvago.pk/p/dmooch-de-tan-bodywash-300ml
Lice O Nil Cream 20g,https://www.dvago.pk/p/lice-o-nil-cream-20g
Sting Berry Blast Energy Drink 300ml,https://www.dvago.pk/p/sting-berry-blast-300ml
Cerelac Nature Roa 175 Grams,https://www.dvago.pk/p/cerelac-nature-roa-175g
Sunsilk Shampoo Black Shine 185ml,https://www.dvago.pk/p/sunsilk-shampo-blackshine-185ml
Hemani Herbal Tea Lemon Ginger - Pack Of 20,https://www.dvago.pk/p/hemani-herbal-tea-lemon-ginger
Always Ultra Sanitary Pads Long Single Pack,https://www.dvago.pk/p/always-ultra-sanitary-pads-long-single-pack-8-count
Gillette Blue Ii Razor 1up,https://www.dvago.pk/p/blue-ii-razor-1up
Canbebe Baby Diapers Extra Large Size 6 5pcs,https://www.dvago.pk/p/canbebe-extra-large-comfort-dry-diapers-pack-of-5
Canbebe Baby Diapers Junior Size 5 6pcs,https://www.dvago.pk/p/canbebe-junior-comfort-dry-diapers-pack-of-6
Pepsi 2250ml,https://www.dvago.pk/p/pepsi-2250ml
Dove Nutritive Solutions Dryness Care Shampoo 175ml,https://www.dvago.pk/p/dove-shampoo-dryness-care-175ml
Lactogrow 3 Growing-Up Formula Milk Powder 200g,https://www.dvago.pk/p/nestle-lactogrow-3-200g-bib
Zeera Plus Biscuit Family Pack,https://www.dvago.pk/p/lu-zeera-plus-family-pack
Josh Salajeet 12s,https://www.dvago.pk/p/josh-salajeet-12s
Momse Baby Diapers Economy Pack Newborn Size 1 48pcs,https://www.dvago.pk/p/momse-diapers-economy-pack-newborn-48pcs
Cadbury Dairy Milk 45g,https://www.dvago.pk/p/cadbury-dairy-milk-45gm
Nexton Mild & Gentle Baby Bath 125ml,https://www.dvago.pk/p/nexton-baby-bath-125-ml
Nexton Baby Jelly (Mild Fragranced) 100g,https://www.dvago.pk/p/nexton-baby-petrolium-jelly-mild-fragrance-100gm
Nexton Sunblock Whitening Lotion 135ml,https://www.dvago.pk/p/nexton-sun-block-spf-50-135ml
Palmolive Naturals Healthy & Smooth Shampoo 180ml,https://www.dvago.pk/p/palmolive-healthynsmooth-shampoo-180ml
Nexton Baby Diaper Care Cream 75ml,https://www.dvago.pk/p/nexton-baby-diaper-cream-75ml
Cuddles Anticolic Proflow Nipples 3m+,https://www.dvago.pk/p/cuddles-anticolic-proflow-nipples-3m
Sensodyne Kids 3-5 Years Mild Mint Toothpaste 50g,https://www.dvago.pk/p/sensodyne-kid-3-5-yr-50gm-1s
Medicare Ear Syringe,https://www.dvago.pk/p/medicare-ear-syringe-pvc-1s
Saeed Ghani Vitamin C Lotion 100ml,https://www.dvago.pk/p/saeed-ghani-lotion-vit-c-100ml
Bisconni Chip Hop Chocolate Cookies Family Pack,https://www.dvago.pk/p/bisconi-chip-hop-choc-fp
English Anti-Lice Shampoo Family Pack 180ml,https://www.dvago.pk/p/english-antilice-family
Protect G Gum Care Toothpaste 70g,https://www.dvago.pk/p/protect-g-gum-care-toothpaste-70g
Protect Mouth Wash Green 260ml,https://www.dvago.pk/p/protect-mouthwash-anti-bacterial-260ml
Female Comforts Sanitary Pads 10pcs,https://www.dvago.pk/p/sanitary-10-pad-fem-com
Lifebuoy Naturally Long Shampoo 175ml,https://www.dvago.pk/p/lifebuoy-shampoo-natural-long-175ml
Hair Plus Oil 100ml,https://www.dvago.pk/p/hair-plus-oil-100ml
Mortein Refill Odourless 42ml,https://www.dvago.pk/p/mortein-odourless-refill-42ml
Dettol Soothe Antibacterial Soap 125g,https://www.dvago.pk/p/dettol-soap-sooth-130g
Sunsilk Shampoo Hairfall 185ml,https://www.dvago.pk/p/sunsilk-shampoo-hairfall-185ml-185-ml
Sunsilk Thick & Long Shampoo 185ml,https://www.dvago.pk/p/sunsilk-shamp-thick-long-185ml-185-ml
Baketime Fruit Slices,https://www.dvago.pk/p/baketime-fruit-slices
Numil Stage 1 200 Grams,https://www.dvago.pk/p/numil-stage-1-200-grams
Canbebe Baby Diaper Mini Size 2 40pcs,https://www.dvago.pk/p/canbebe-mini-comfort-dry-diapers-pack-of-40
Slice Mango Pet 1000ml,https://www.dvago.pk/p/slice-mango-pet-1000ml
Kernel Pop Rtc 80 Grams Cheese 80 Grams,https://www.dvago.pk/p/kernel-pop-kettle-popcorn-cheese-90g
Sensodyne Gum Care Tb Ext Soft,https://www.dvago.pk/p/sensodyne-gum-care-extra-soft-brush
Fair & Lovely Instant Glow Clean-Up Fairness Face Wash 80g,https://www.dvago.pk/p/fair-lovely-advanced-multi-vitamin-face-wash-80gm
Fair & Lovely Men Max Fairness Cream 25ml,https://www.dvago.pk/p/fair-lovely-men-max-fairness-cream-25ml
Dove Nourishing Oil Care Shampoo 175ml,https://www.dvago.pk/p/dove-shampoo-nourishing-oil-care-175ml
Nestle Fruita Vitals Kinnow Nectar 200ml,https://www.dvago.pk/p/nestle-fruita-vitals-kinnow-fruit-nectar-200ml
Veet Hair Removal Lotion For Dry Skin 80g,https://www.dvago.pk/p/veet-lotion-dry-80g
Sun Off Plus Sunblock Cream Spf 70 30g Cream,https://www.dvago.pk/p/sun-off-spf-70-cream-30g-1s
Garnier Naturals Hair Color - 4.15 Frosty Dark Mahogany,https://www.dvago.pk/p/garn-color-forsty-dark-415
Bounty Bar 57g,https://www.dvago.pk/p/bounty-box-bar-57gm-1-s
Delesh Neem Face Wash 100ml,https://www.dvago.pk/p/de-lesh-face-wash-neem-100ml
American Kuisine Hazeltella Hazelnut Cream Filled Wafer 100g,https://www.dvago.pk/p/american-kuisine-hazeltella-hazelnut-cream-filled-wafers-100g
Hudson Daily Moisturizer Ph5.5 150ml,https://www.dvago.pk/p/hudson-daily-moisturizer-ph-5-5-100ml
Cuddles Feeding Bottle 0m+ 125ml,https://www.dvago.pk/p/cuddles-feeding-bottle-0m-125ml
Forhans Coconut Hair Oil 100ml,https://www.dvago.pk/p/forhans-coconut-hair-oil-100ml
Forhans Silkona Egg Protein Shampoo 165ml,https://www.dvago.pk/p/forhans-silkona-egg-protein-shampoo-165ml
Forhans Baby Lotion 100ml,https://www.dvago.pk/p/forhans-baby-lotion-100ml
Molfix Baby Diapers Twin Pack Extra Large Size 6 19pcs,https://www.dvago.pk/p/molfix-baby-diapers-e-large-19s-twin
Bisconni Mi Amor Chocolate Cookies Family Pack,https://www.dvago.pk/p/bisconni-mi-amor-fp
English Herbal Neem Soap Bar,https://www.dvago.pk/p/english-neem-soap
Glow & Lovely Moisturising Glow Lotion 100ml,https://www.dvago.pk/p/fair-lovely-mositr-lot-100ml
Leo Baby Diapers Mega Pack Medium Size 3 84pcs,https://www.dvago.pk/p/leo-baby-diapers-mega-pack-medium-84pcs
Protect Abc Banana Flavour Toothpaste 60g,https://www.dvago.pk/p/protect-abc-banana-toothpaste-60g
Ab Adult Diapers Size Large 10pcs,https://www.dvago.pk/p/ab-adult-diaper-45-60-waist-large-10-count
Protect G Plus Gum Care Aloe Vera + Fluoride Toothpaste 70g,https://www.dvago.pk/p/protect-g-gum-care-tp-70g
Head & Shoulders Dry Scalp Care Shampoo 185ml,https://www.dvago.pk/p/hs-sh-dry-scalp-care-185ml
Head & Shoulders Classic Clean Anti-Dandruff Shampoo 185ml,https://www.dvago.pk/p/hs-sh-classic-clean-185ml
Mabel Wacky Tape Gum,https://www.dvago.pk/p/mabel-wacky-tape-gum-6s
Dettol Antibacterial Skincare Soap 130g,https://www.dvago.pk/p/dettol-soap-skin-care-130g
Prep Up Wheat Milk Honey 175 Grams,https://www.dvago.pk/p/prep-up-wheat-milk-honey-175g
Chil School Chocolate 600 Grams,https://www.dvago.pk/p/morinaga-chil-school-growing-up-milk-stage-4-chocolate-600g
Palmolive Naturals Radiant Glow Bar Soap 130g,https://www.dvago.pk/p/palmolive-natural-p-135gmx
Nivea Soft Light Moisturizing Cream 100ml,https://www.dvago.pk/p/nivea-soft-light-moisturising-cream-100ml
Cadbury Dairy Milk Bubbly 20 Grams,https://www.dvago.pk/p/cadbury-dairy-milk-bubbly-20g
Mirinda 500ml,https://www.dvago.pk/p/mirinda-500ml
7up Soft Drink 1.5litre,https://www.dvago.pk/p/7up-1500ml
Mountain Dew 1500ml,https://www.dvago.pk/p/mountain-dew-1500ml
Travelling Wipes 30s,https://www.dvago.pk/p/cool-cool-travelling-wipes-30-count
Physiogel Cleanser 150ml,https://www.dvago.pk/p/physiogel-daily-moisture-therapy-dermo-cleanser-for-face-150ml
Parodontax Extra Fresh Toothpaste 50g,https://www.dvago.pk/p/parodontax-extra-fresh-for-bleeding-gums-50-gm
Hemani Herbal Rose Soap 100g,https://www.dvago.pk/p/rose-soap-100g
Hemani Herbal Argan Soap 100g,https://www.dvago.pk/p/aurgan-soap-100g
Shield Deluxe Plus Feeder 250ml,https://www.dvago.pk/p/shield-deluxe-plus-feeder-250ml
Shield Bottle Cleaning Brush Twin Pack,https://www.dvago.pk/p/shield-bottle-cleaning-brush-twin-pack
Morinaga Chil-School Growing-Up Milk Stage 4 Chocolate Powder Milk 300g,https://www.dvago.pk/p/morinaga-chil-school-growing-up-milk-chocolate-300g
Dettol Liquid Original Hand Wash 250ml,https://www.dvago.pk/p/dettol-hand-wash-original-complete-250ml
Veet Hair Removal Lotion For Dry Skin 40g,https://www.dvago.pk/p/veet-lotion-dry-40g
Veet Normal Skin Hair Removal Lotion 40g,https://www.dvago.pk/p/veet-lotion-for-normal-skin-40g
Colgate Zig Zag Toothbrush - Medium,https://www.dvago.pk/p/colgate-zig-zag-plus-toothbrush-medium
Organic Hair Oil 90ml,https://www.dvago.pk/p/organic-hair-oil-90ml-1s
American Kuisine Choctella Surprise Egg Pink 20g,https://www.dvago.pk/p/ak-choctella-egg-girl-12s
Physiogel Calming Relief A.I. Cream 50ml,https://www.dvago.pk/p/physiogel-calming-relief
Lush Open Up Fun Apple Fruit Drink 200ml,https://www.dvago.pk/p/lush-apple-fruit-drink-200ml
Momse Baby Diapers Jumbo Pack Large Size 4 54pcs,https://www.dvago.pk/p/momse-diapers-jumbo-pack-large-54-pcs
Lush Masti Punch Fruit Drink 200ml,https://www.dvago.pk/p/lush-masti-punch-fruit-drink-200ml
Mortein Flying Insect Killer Spray 375ml,https://www.dvago.pk/p/mortein-fik-aerosol-375ml
Nexton Pure Love Baby Cologne 80ml,https://www.dvago.pk/p/nexton-baby-colognepure-love-80-ml
Glysoolid Skin Cream 125ml,https://www.dvago.pk/p/glysoolid-skin-cream
Dermive Moisturizing Face & Body Wash 100ml,https://www.dvago.pk/p/dermive-body-and-facewash-100ml-1s
Cuddles Feeding Bottle 6m+ 330ml/11oz,https://www.dvago.pk/p/cuddles-feeding-bottle-6-330ml-11oz
Forhans Classic Toothpaste 140g,https://www.dvago.pk/p/forhans-classic-toothpaste-140g
Forhans Silkona Moisturising Lotion 100ml,https://www.dvago.pk/p/forhans-silkona-moisturising-lotion-100ml
Evocheck Blood Glucose Monitor Combo Pack Gm 700s,https://www.dvago.pk/p/evocheck-glucos-met-700s-combo
Butterfly Maxi Thick Night Cottony Sanitary Pads Extra Long 8pcs,https://www.dvago.pk/p/bf-maxi-thick-cotn-nigtx-l-8pcs
Butterfly Maxi Thick Night Sanitary Pads Extra Long 8pcs,https://www.dvago.pk/p/bf-maxi-thick-night-xl-8pcs
Gluvit-S Glutathione Oral Liquid 30ml,https://www.dvago.pk/p/gluvit-s-oral-liquid-30ml
Fruden Heart Chocopop 25g,https://www.dvago.pk/p/fruden-chocopop-heart-25g
Bisconni Chip Hop Premium Chips Vanilla Cookies Family Pack,https://www.dvago.pk/p/bisconni-chip-hop-van-fp
Dari Mooch Anti Hairfall Oil 100ml,https://www.dvago.pk/p/dmooch-anti-hf-oil-100ml
Dari Mooch Keratin Smooth Shampoo 180ml,https://www.dvago.pk/p/dmooch-keratin-shampoo-180ml
Protect Abc Bubble Gum Flavor Toothpaste 60g,https://www.dvago.pk/p/protect-abc-bubble-gum-toothpaste-60g
Protect Abc Strawberry Flavor Toothpaste 60g,https://www.dvago.pk/p/protect-abc-strawberry-toothpaste-60g
Lubricare Spf 30 Lotion 120ml,https://www.dvago.pk/p/lubricare-spf-30-lotion-1s
Nurse Green Cap,https://www.dvago.pk/p/nurse-cap-green-21-100s
English Prickly Heat Cream Regular Pack 75g,https://www.dvago.pk/p/english-prickly-heat-activneem-cream-80g
English Prickly Heat Thandaa Large Pack Powder 220g,https://www.dvago.pk/p/english-prickly-heat-powder-large
English Prickly Heat Neem Activ Large Pack Powder 220g,https://www.dvago.pk/p/english-prickly-heat-neem-powder-large
Pantene Pro-V Anti Hairfall Shampoo 185ml,https://www.dvago.pk/p/pantene-pro-v-shampoo-anti-hairfall-185ml
Head & Shoulders Silky Black Anti-Dandruff Shampoo 185ml,https://www.dvago.pk/p/hs-sh-silky-black-185ml
Prep Up Wheat Milk 175 Grams,https://www.dvago.pk/p/prep-up-wheat-milk-175g
Mortein Led Refill Fragr 42ml,https://www.dvago.pk/p/mortein-led-refill-fragr42ml
Medicam Dental 140g Cream,https://www.dvago.pk/p/medicam-dental-140g-140g-cream
Protect Buzz Mosquito Lotion,https://www.dvago.pk/p/protect-buzz-mosquito-lotion
Gillette Blue3 Disposable Razor,https://www.dvago.pk/p/gillette-blue3-disposable-razor
Dairy Milk 21 Grams Crackle,https://www.dvago.pk/p/dairy-milk-21g-crackle
Nivea B And W Invisible R.O Female,https://www.dvago.pk/p/nivea-for-women-deodorant-roll-on-50ml
Mirinda 1000ml,https://www.dvago.pk/p/mirinda-1000ml
Mountain Dew 1000ml,https://www.dvago.pk/p/mountain-dew-1000ml
C And C Sencitive Wipes 30s,https://www.dvago.pk/p/cool-cool-sensitive-wipes-30-count
7up 250ml Can,https://www.dvago.pk/p/7up-250ml-can
Loreal Keratin Shampoo 175ml,https://www.dvago.pk/p/loreal-keratin-straight-72h-shampoo-175ml
Loreal Paris Keratin Straight Conditioner 175ml,https://www.dvago.pk/p/loreal-keratin-straight-72h-conditioner-175ml
Fair & Lovely Instant Glow Clean-Up Fairness Face Wash 50g,https://www.dvago.pk/p/fair-lovely-advanced-multi-vitamin-face-wash-50gm
Parodontax Extra Fresh Toothpaste 100g,https://www.dvago.pk/p/parodontax-extra-fresh-for-bleeding-gums-100-gm
Lifebuoy Total 10 With Activ Silver Soap 112g,https://www.dvago.pk/p/lifebouy-germ-protection-soap-total-10-115gm
Shield Clarity Toothbrush,https://www.dvago.pk/p/shield-clarity-toothbrush
Shield New Smokers Toothbrush,https://www.dvago.pk/p/shield-smokers-toothbrush
Shield Flex Adult Toothbrush,https://www.dvago.pk/p/shield-flex-adult-toothbrush
Hemani Squad Deodorant Spray Gameplay For Men Red 150ml,https://www.dvago.pk/p/hemani-squad-deodorant-spray-gameplay-for-men-red-150ml
Track Chocolate Coated Balls,https://www.dvago.pk/p/track-choco-balls-24s
F-Lac Lactose Free Milk Powder 400g,https://www.dvago.pk/p/f-lac-lactose-free-milk-400gm
Sensodyne Complete Protection Toothpaste 100g,https://www.dvago.pk/p/sensodyne-complt-protect-100gm
Delesh Perfect White Whitening Facial Foam 100ml,https://www.dvago.pk/p/de-lesh-perfectwhite-facewash-100ml
Nexton Pink Baby Powder 100g,https://www.dvago.pk/p/nexton-baby-powder-pink-100gm
Nexton Pink Baby Powder 200g,https://www.dvago.pk/p/nexton-baby-powder-pink-200gm
Nexton White Baby Powder 100g,https://www.dvago.pk/p/nexton-baby-powder-white-100gm
Nexton Fresh Love Baby Cologne 80ml,https://www.dvago.pk/p/nexton-baby-cool-fresh-love-80ml
Palmolive Naturals Anti-Hair Fall Shampoo 180ml,https://www.dvago.pk/p/palmolive-anti-hairfall-shampoo-180ml
Palmolive Naturals Liquid Handwash Milk & Honey Bottle 225ml,https://www.dvago.pk/p/palmolive-milk-n-honey-liquid-hand-wash-225ml
"Nestle Cerelac Natures Selection Multigrain, Pomegranate, Cherries & Apples 350g",https://www.dvago.pk/p/nestle-cerelac-natures-selection-multigrain-pomegranate-cherries-apples-350g
Garnier Men Oil Clear Face Wash 100ml,https://www.dvago.pk/p/garnier-men-oil-clear-facewash-100ml
Mothercare Unicorn Bath & Shower Wash 215ml,https://www.dvago.pk/p/mothercare-unicorn-bath-shower-wash-215ml
Cuddles Feeding Bottle 3m+ 8oz/250ml,https://www.dvago.pk/p/cuddles-feeding-bottle-3m-8oz-250ml
Butterfly Besties Teens 8s,https://www.dvago.pk/p/Butterfly-besties-Teens-8S
Topfer Hazelnut Chocolate Cream,https://www.dvago.pk/p/topfer-hazelnut-chocolate-cream
Medicare Breast Pump Ld-101,https://www.dvago.pk/p/medicare-breast-pump-ld-101
Mothercare Ultra Thin Extra Long Sanitary Pads 7pcs,https://www.dvago.pk/p/mc-ultra-thin-extra-long-7s
Mothercare Ultra Thin Long Sanitary Pads 16pcs,https://www.dvago.pk/p/mc-ultra-thin-long-16s
Dari Mooch 2in1 Shampoo+conditioner 180ml,https://www.dvago.pk/p/d-mooch-2in1-shampo-cond-180ml
Dari Mooch Charcoal Face Mask 110ml,https://www.dvago.pk/p/dmooch-facemask-charcoal-110ml
Dari Mooch Charcoal Face Scrub 100g,https://www.dvago.pk/p/dmooch-facescrub-charcoal-100g
Markhor Voyage Body Spray (Non-Gas) 120ml,https://www.dvago.pk/p/markhor-body-spray-voyage-120ml
Similac Neo Sure Milk Powder 370g,https://www.dvago.pk/p/similac-neosure-370g
Zn Plus Shampoo 100ml,https://www.dvago.pk/p/zn-plus-shampoo-1s
Protect Caterpillar Kids Toothbrush,https://www.dvago.pk/p/protect-caterpillar-toothbrush-kid
Beurer Manual Breast Pump By 15,https://www.dvago.pk/p/beurer-manual-breast-pump-by15
Beurer Electric Breast Pump By 40,https://www.dvago.pk/p/beurer-electric-breast-pump-by40
Ab Adult Diapers Size Xl 10pcs,https://www.dvago.pk/p/ab-adult-diaper-extra-large-10-pack
Serne Nappy Rash Cream 22g,https://www.dvago.pk/p/serne-nappy-rash-cream-22g
Pantene Milky Extra Treatment Shampoo 185ml,https://www.dvago.pk/p/pantene-milky-extra-treatment-shampoo-185-ml
Pantene Pro-V Smooth & Strong Shampoo 185ml,https://www.dvago.pk/p/pant-sh-smooth-strong-185ml
Garnier Skin Active Hydra Bomb Green Tea Tissue Face Mask,https://www.dvago.pk/p/garnier-skinactive-hydra-bomb-rebalancing-tissue-mask-with-green-tea
Loreal Paris 6 Oil Nourish Scalp + Hair Nourishing Shampoo 360ml,https://www.dvago.pk/p/loreal-6-oil-nourish-nourishing-shampoo-360ml
Sincere Maxi Thick Extra Long Sanitary Napkins 8pcs,https://www.dvago.pk/p/sincere-napkin-maxi-thick-reg-exl
Shield Glass Feeder 120 Ml,https://www.dvago.pk/p/shield-glass-feeder-120-ml
Shield Toothbrush Elegant,https://www.dvago.pk/p/shield-toothbrush-elegant
Topfer Chocolate 33 Grams,https://www.dvago.pk/p/topfer-chocolate-40g
Mortein Aerosol Fik550ml Fik550 Ml,https://www.dvago.pk/p/mortein-aerosol-fik550ml
Sunsilk Shmp Long Heal 380ml,https://www.dvago.pk/p/sunsilk-shmp-long-healthy-380ml
Numilstage 2 400 Grams,https://www.dvago.pk/p/numilstage-2-400-grams
Lux Bar Rose Glow Trio 140g,https://www.dvago.pk/p/lux-bar-rose-glow-trio-140g-140g
Lux Skin Bar Velvet Glow 100g,https://www.dvago.pk/p/lux-skin-bar-velvet
Nestle Milo Powder 500 Grams,https://www.dvago.pk/p/nestle-milo-powder-500-grams
Protect G Gum Care Tp 110g,https://www.dvago.pk/p/protect-g-gum-care-t-per-p-110g-110g
Canbebe Mini 9p,https://www.dvago.pk/p/canbebe-mini-comfort-dry-diapers-pack-of-9
Canbebe Baby Diapers Midi Size 3 8pcs,https://www.dvago.pk/p/canbebe-midi-comfort-dry-diapers-pack-of-8
Nivea Soft Light Moisturizing Cream 200ml,https://www.dvago.pk/p/nivea-soft-light-moisturising-cream-200ml
Nivea Bl Nature Fairness 250ml,https://www.dvago.pk/p/nivea-natural-fairness-body-lotion-all-skin-types-250ml
Mirinda 250ml Can,https://www.dvago.pk/p/mirinda-250ml-can
Mountain Dew 250ml,https://www.dvago.pk/p/mountain-dew-250ml
Loreal Keratin Shampoo 360ml,https://www.dvago.pk/p/loreal-keratin-straight-72h-shampoo-360ml
Loreal Paris Total Repair 5 Repairing Conditioner 175ml,https://www.dvago.pk/p/loreal-total-repair-5-conditioner-175ml
Loreal Paris 6 Oil Nourish Conditioner 175ml,https://www.dvago.pk/p/loreal-6-oil-nourish-conditioner-175ml
Sensodyne Fluoride Toothpaste 70g,https://www.dvago.pk/p/sensodyne-fluoride-70gm
Fair & Lovely Advanced Multi Vitamin Face Cream 25g,https://www.dvago.pk/p/fair-lovely-advanced-multi-vitamin-cream-25ml
Hemani Coconut Hair Oil 200ml,https://www.dvago.pk/p/coconut-hair-oil-200ml
Hemani Sweet Almond Oil 60ml,https://www.dvago.pk/p/almond-oil-60ml
Sunsilk Thick And Long Conditioner 180ml,https://www.dvago.pk/p/sunsilk-conditioner-thick-long-180ml
Hemani Pure Natural Srilankan Coconut Oil 400ml,https://www.dvago.pk/p/pure-srilankan-coconut-oil-edible-400ml
Shield Soft Tip Toothbrush,https://www.dvago.pk/p/shield-sof-tip-toothbrush
Shield Wide Neck Feeder 180ml,https://www.dvago.pk/p/shield-wide-neck-feeder-180ml
Shield Non Spill Training Cup 180ml,https://www.dvago.pk/p/shield-non-spil-training-cup
Shield Teether,https://www.dvago.pk/p/shield-teether
Veet Normal Skin Hair Removal Lotion 80g,https://www.dvago.pk/p/veet-lotion-for-normal-skin-80g
Colgate Herbal Toothpaste 200g,https://www.dvago.pk/p/colgate-herbal-toothpaste-200g
Saeed Ghani Pure & Natural Coconut Hair Oil 100ml,https://www.dvago.pk/p/saeed-ghani-pure-natural-coconut-oil-100ml-1s
Safeguard Floral Scent Soap 175g,https://www.dvago.pk/p/safeguard-soap-florl-scnt-175g
American Kuisine Muffills Cake Chocolate 25g,https://www.dvago.pk/p/ak-muffils-cake-choco-12s
Track Milky Coated Balls,https://www.dvago.pk/p/track-milky-balls-24s
Vienna Chocolate Egg,https://www.dvago.pk/p/vienna-choco-egg-24s
Garnier Naturals Hair Color - Toffe Brown #3.3,https://www.dvago.pk/p/garn-color-toffe-brown-33
Bello Diaper Maxi 70p,https://www.dvago.pk/p/bello-diaper-maxi-70p
Lush Open Up Fun Mango Fruit Drink 200ml,https://www.dvago.pk/p/lush-mango-fruit-drink-200ml
Nexton Baby Soft Cream Olive And Aloe 125ml,https://www.dvago.pk/p/nexton-baby-cream-olivenaloe-125ml
Canbebe Baby Diaper Mini Jumbo Size 2 70pcs,https://www.dvago.pk/p/canbebe-baby-diapers-mini-jumbo-size2-70pcs
Molped Maxi Thick Hygiene Shield Value Pack Long 18pcs,https://www.dvago.pk/p/molped-maxi-thick-hygiene-shield-value-pack-long-18pcs
American Kuisine Vantella Vanilla Cream Filled Wafer 100g,https://www.dvago.pk/p/american-kuisine-vantella-vanilla-cream-filled-wafers-100g
Emocos Emollient 100g,https://www.dvago.pk/p/emocos-emollient-100gm-1s
Cuddles Rattle Teether 3m+,https://www.dvago.pk/p/cuddles-rattle-teether-3
Cuddles Feeding Bottle 6m+ 260ml/9oz,https://www.dvago.pk/p/cuddles-feeding-bottle-6m-260ml-9oz
Forhans Extra Care Flouride Toothpaste 70g,https://www.dvago.pk/p/forhans-extracare-toothpaste-70g
Forhans Silkona Anti Dandruff Shampoo 165ml,https://www.dvago.pk/p/forhans-silkona-antidandruff-shampoo-165ml
Medisign Digital Blood Pressure Monitor Bpm Contec 08e,https://www.dvago.pk/p/bpm-con-08e-digital-bp-monitor
Momse Baby Pants Jumbo Pack Medium Size 3 56pcs,https://www.dvago.pk/p/momse-jumbo-pant-medium-56s
Dari Mooch Bamboo Toothbrush,https://www.dvago.pk/p/dmooch-bamboo-toothbrush
Dari Mooch Beard Shampoo 120ml,https://www.dvago.pk/p/dmooch-beard-shampoo-120ml
Dari Mooch Lip Balm,https://www.dvago.pk/p/dmooch-lip-balm
Dari Mooch Under Eye Balm,https://www.dvago.pk/p/dmooch-under-eye-balm
Leo Baby Diapers Jumbo Pack X-Large Size 5 40pcs,https://www.dvago.pk/p/leo-baby-diapers-jumbo-pack-x-large-size-5-40-count
Leo Baby Diapers Super Mega Pack Small Size 2 96pcs,https://www.dvago.pk/p/leo-baby-diapers-mega-pack-small-size-2-96-count
Pharmaceris Whitening Foam Cleanser Face & Eye Cleanser 150ml,https://www.dvago.pk/p/pharmaceris-puri-albucin-i-whitening-foam-eye-and-face-cleansing-150ml
Wiwid Gel 75g,https://www.dvago.pk/p/wiwid-moisterizing-gel-75g
Protect Advance Whitening Toothpaste 70g,https://www.dvago.pk/p/protect-advance-whitening-toothpaste-70g
Protect Abc Orange Flavour Toothpaste 60g,https://www.dvago.pk/p/protect-abc-orange-toothpaste-60g
Protect Abc Mango Flavour Toothpaste 60g,https://www.dvago.pk/p/protect-abc-mango-toothpaste-60g
Protect Dental Floass Mint,https://www.dvago.pk/p/protect-dental-floass-mint
Protect Denture Fixing Cream 40g,https://www.dvago.pk/p/protect-denture-fixing-cream-40g
Elix Shower Gel 120ml,https://www.dvago.pk/p/elix-shower-gel-120ml-1s
An-Cure Anti Hairloss Shampoo 130ml,https://www.dvago.pk/p/an-cure-anti-hairloss-shampoo-130ml
Neolac Premature Milk Powder 300g,https://www.dvago.pk/p/neolac-premature-300g
Head & Shoulders Menthol Refresh Shampoo 185ml,https://www.dvago.pk/p/hs-sh-menthol-refresh-185ml
Loreal Paris Elvive Dream Long Shampoo 360ml,https://www.dvago.pk/p/loreal-dream-long-restoring-shampoo-360ml
Loreal Paris Elvive Dream Long Conditioner 175ml,https://www.dvago.pk/p/loreal-dream-long-restoring-conditioner-175ml
Garnier Color Naturals Shade 3 Darkest Brown,https://www.dvago.pk/p/garnier-color-naturals-creme-3-dark-brown
Garnier Color Naturals Shade 1 Natural Black,https://www.dvago.pk/p/garnier-color-naturals-creme-1-black
Garnier Color Naturals Shade 4 Brown,https://www.dvago.pk/p/garnier-color-naturals-creme-4-brown
Medicam Dental Cream 65g,https://www.dvago.pk/p/medicam-dental-cream-65g
Megatar Bar 75g,https://www.dvago.pk/p/megatar-bar-75g
Sincere Maxi Thick Long Sanitary Napkins 9pcs,https://www.dvago.pk/p/sincere-napkin-maxi-thick-reg-long
Saniderm Sun Protection Cream 50ml,https://www.dvago.pk/p/sun-protection-cream
Mortein Aerosol Cik 375ml 375 Ml,https://www.dvago.pk/p/mortein-aerosol-cik-375ml
Mundial Almond Oil 100ml 100 Ml,https://www.dvago.pk/p/mundial-100-pure-almond-oil-100ml
Kids Hat Mask,https://www.dvago.pk/p/kids-hat-mask
Kids Face Shield,https://www.dvago.pk/p/kids-face-shield
Mortein Fik Aerosol 300ml 300 Ml,https://www.dvago.pk/p/mortein-insect-kill-spray-300ml
Mortein Pcn Aerosol 375ml 375 Ml,https://www.dvago.pk/p/mortein-insect-kill-spray-375ml
Sunsilk Shampoo Hairfall 380ml,https://www.dvago.pk/p/sunsilk-shampoo-hairfall-380ml-380-ml
Scaban Soap Bar 90g,https://www.dvago.pk/p/scaban-90-grams-bar-90-grams
Nufant-1 Infant Formula Powder Milk 400g,https://www.dvago.pk/p/nufant-1-400mg-milk-1s
Numil Stage 2 200 Grams,https://www.dvago.pk/p/numil-stage-2-200-grams
Chil School Vanilla 600 Grams,https://www.dvago.pk/p/morinaga-chil-school-vanilla-formula-powder-milk-600g
Protect Smile Tp 40g,https://www.dvago.pk/p/protect-smile-t-per-p-40g-40g
F And L Mvt Fairness 70 Grams Cream,https://www.dvago.pk/p/fair-lovely-advanced-multi-vitamin-cream-70ml
Nivea Cream Tin 60ml,https://www.dvago.pk/p/nivea-cream-60ml
Silver Protect Anti-Perspirant Deodorant Spray 150ml,https://www.dvago.pk/p/nivea-men-deodorant-silver-protect-150ml
Nappy Bags 250s,https://www.dvago.pk/p/cool-cool-nappy-bags-250-count
Nivea Refreshing Face Wash,https://www.dvago.pk/p/nivea-face-wash-refreshing
Nivea Purifying Face Wash,https://www.dvago.pk/p/nivea-purifying-face-wash-100ml
Mirinda 2250ml,https://www.dvago.pk/p/mirinda-2250ml
Mountain Dew 2250ml,https://www.dvago.pk/p/mountain-dew-2250ml
7up Free 345ml,https://www.dvago.pk/p/7up-free-345ml
Nivea Fresh Natural Deo 150ml,https://www.dvago.pk/p/nivea-deodorant-fresh-natural-150ml
Mountain Dew 300ml,https://www.dvago.pk/p/mountain-dew-300ml
Nivea Natural Fairnes Deo 150m,https://www.dvago.pk/p/nivea-deodorant-female-natural-fairness-spray-150ml
Nivea Powder Touch Deo 150ml,https://www.dvago.pk/p/nivea-powder-touch-48h-anti-perspirant-deodorant-spray
Cow & Gate Almiron Infant Formula Milk Powder 400g,https://www.dvago.pk/p/cow-and-gate-almiron-lactose-free-powdered-milk-400g
Garnier Men Oil Clear 50ml,https://www.dvago.pk/p/garnier-men-oil-clear-face-wash-50ml
Garnier Men Acno Fight 100ml,https://www.dvago.pk/p/garnier-men-acno-fight-face-wash-100ml
Garnier Men Acno Fight 50ml,https://www.dvago.pk/p/garnier-men-acno-fight-face-wash-50ml
Loreal Paris Total Repair 5 Repairing Shampoo 175ml,https://www.dvago.pk/p/loreal-total-repair-5-repairing-shampoo-damaged-hair-175ml
Kernel Pop Rtc 80 Grams Natural,https://www.dvago.pk/p/kernel-pop-kettle-popcorn-natural-90g
Loreal Paris Total Repair 5 Shampoo 360ml,https://www.dvago.pk/p/loreal-total-repair-5-shampoo-360ml
Vaseline Deep Restore 200ml 200 Ml,https://www.dvago.pk/p/vaseline-deep-restore-lotion-intensive-care-200ml
Soothing Berry Burst 150ml,https://www.dvago.pk/p/soothing-berry-burst-150ml
Shield Pro Clean Tooth Brush,https://www.dvago.pk/p/shield-proclean-toothbrush
Shield Deluxe Evenflo Feeder 125ml,https://www.dvago.pk/p/shield-deluxe-feeder-125ml
Shield Hippo Blister Tooth Brush,https://www.dvago.pk/p/shield-hippo-blister-toothbrush
Shield Wide Neck Feeder 260ml,https://www.dvago.pk/p/shield-wide-neck-feeder-260ml
Butterfly Breathables Ultra-Thin Dry Mesh Sanitary Pads Long 8 Pcs,https://www.dvago.pk/p/butterfly-breathables-large
Dettol Liquid Original Hand Wash 150ml,https://www.dvago.pk/p/dettol-hand-wash-orignal-pump-150ml
Dettol Hand Sanitizer 50ml,https://www.dvago.pk/p/dettol-hand-sanitizer-50ml
Colgate Plax Peppermint Fresh Mouthwash 500ml,https://www.dvago.pk/p/colgate-plax-peppermint-fresh-mouthwash-500ml
Solo E Bar 75g,https://www.dvago.pk/p/solo-e-bar-1s
Cool & Cool Baby Powder 200g,https://www.dvago.pk/p/cool-cool-baby-powder-200g
Safeguard Lemon Fresh Body Soap 103g (Bundle Of 3),https://www.dvago.pk/p/safeguard-soap-lfrsh-3x1-103g
Safeguard Lemon Fresh Body Soap 103g,https://www.dvago.pk/p/safeguard-soap-lemonfrsh-103g
Safeguard Soap Pure White 135g,https://www.dvago.pk/p/safeguard-soap-pure-white-135g
Track Dip Joy Chocolate,https://www.dvago.pk/p/track-dip-joy-choco-1s
Vienna Chik Talk Egg Boys & Girls 45g,https://www.dvago.pk/p/vienna-chik-talk-girlboy-6s
Garnier Naturals Hair Color - 3.6 Deep Red Brown,https://www.dvago.pk/p/garn-color-deep-red-brown-36
Mars Bar 50g,https://www.dvago.pk/p/mars-box-50gm-1-s
Bello Diaper Junior 66p,https://www.dvago.pk/p/bello-diaper-junior-66p
Physiogel Calming Relief A.I. Body Lotion 200ml,https://www.dvago.pk/p/physiogel-calming-relief-ai-body-lotion
Saniderm Hydrating Face Wash 90gm,https://www.dvago.pk/p/saniderm-hydrating-face-wash-90gm
Nexton Baby Sweet Almond Oil Lotion 125ml,https://www.dvago.pk/p/nexton-baby-lotion-125mlsweetalmondoil
Nexton Baby Powder (Refreshing) 200g,https://www.dvago.pk/p/nexton-baby-powder-refresh-200gm
Palmolive Naturals Intensive Moisture Shampoo 180ml,https://www.dvago.pk/p/palmolive-intensive-moisture-180ml
Mask On - Powder Face Mask With Multani Mitti & Orange,https://www.dvago.pk/p/mask-on-powder-face-mask-with-multani-mittinorange
Mositurizing Gel Multipurpose Moisturizer 150ml - Ao,https://www.dvago.pk/p/mositurizing-gel-multipurpose-moisturizer-150ml-ao
Hemani Peechy Tu Dekho All In One Shampoo & Body Wash 300ml,https://www.dvago.pk/p/hemani-peechy-tu-dekho-all-in-one-shampoo-n-body-wash-300ml
Hemani Strong & Shiny Herbal Hair Oil 200ml,https://www.dvago.pk/p/hemani-strong-n-shiny-herbal-hair-oil-200ml
Nofea Ultra Sanitary Napkin Extra Long 14pcs,https://www.dvago.pk/p/nofea-ultrathin-napkin-xl-14pcs
Vaseline Healthy Bright Uv Extra Brightening With Vitamin B3 Lotion 200ml,https://www.dvago.pk/p/vaseline-healthy-brightuv-extra-brightening-with-vitaminb3-lotion-200ml
Vaseline Intensive Care Cocoa Radiant Lotion 100ml,https://www.dvago.pk/p/vaseline-intensive-care-cocoa-radiant-lotion-100ml
Garnier Light Complete Fairness Cream 40ml,https://www.dvago.pk/p/garnier-light-complete-fairness-cream-40ml
Loreal Paris Hyaluron Expert Replumping Moisturizing Care Night Cream Mask 50ml,https://www.dvago.pk/p/loreal-paris-hyaluron-expert-relumping-moisturing-care-nightcream-50ml
Loreal Paris Hyaluron Expert Replumping Eye Cream 15ml,https://www.dvago.pk/p/loreal-paris-hyaluron-expert-relumping-eye-cream-15ml
Shield Baby Diapers Large Pack Jumbo Size 4 80pcs,https://www.dvago.pk/p/diaper-jumbo-large-pack-80pcs
Shield Baby Diaper Jumbo Medium Size 3 88pcs,https://www.dvago.pk/p/diaper-jumbo-medium-88pcs
Shield Baby Diapers Jumbo Small Size 2 96pcs,https://www.dvago.pk/p/diaper-jumbo-small-96pcs
Candyland Junior Puffs Marsmallows 7.5g,https://www.dvago.pk/p/candyland-junior-puffs-marshmallow-7-5g
Candyland Junior Puffs Marshmallows 7.5g,https://www.dvago.pk/p/candyland-junior-puffs-marshmallows-7-5g
Mothercare Funny Story Gift Bag,https://www.dvago.pk/p/mothercare-funny-story-gift-bag
American Kuisine Milktella Cream Filled Wafer 100g,https://www.dvago.pk/p/american-juisine-milktella-cream-filled-wafers-100g
American Kuisine Strawbella Strawberry Cream Filled Wafer 100g,https://www.dvago.pk/p/american-kuisine-strawbella-strawberry-cream-filled-wafers-100g
Philips Sonicare Cordless Power Flosser Hx3806/31,https://www.dvago.pk/p/philips-sonicare-cordless-power-flosser-hx3806-31
Philips Electric Toothbrush Hx3671/54,https://www.dvago.pk/p/philips-electric-toothbrush-hx3671-54
Philips Sonic Electric Toothbrush Hx3641/41,https://www.dvago.pk/p/philips-sonic-electric-toothbrush-hx3641-41
Philips Epilator Bre 225,https://www.dvago.pk/p/philips-satinelle-essntial-corded-compact-epilator-bre225
Philips Facial Hair Remover Brr 454/00,https://www.dvago.pk/p/philips-facial-hair-remover-brr-454-00
Philips Electric Shaver Pq206/18,https://www.dvago.pk/p/philips-electric-shaver-pq206-18
Philips Series 3000 Beard Trimmer Bt3206/14,https://www.dvago.pk/p/philips-series-3000-beard-trimmer-bt3206-14
Philips Nose & Ear Trimmer Nt1650/16,https://www.dvago.pk/p/philips-nose-ear-trimmer-nt-650-16
Hemani 5 In 1 Herbal Hair Oil 200ml,https://www.dvago.pk/p/hemani-5-in-1-herbal-hair-oil-200ml
Hudson C15 C E Ferulic Serum 30ml,https://www.dvago.pk/p/hudson-c15-ce-ferulic-serum-30ml
Urelac-H Lotion 120ml,https://www.dvago.pk/p/urelac-h-lotion-120ml-1s
Cuddles Silicone Teether 3m+,https://www.dvago.pk/p/cuddles-silicone-teether-3m
Forhans Antibacterial Hand Wash 200ml,https://www.dvago.pk/p/forhans-handwash-200ml
American Kuisine Chocochip Brownie Soft & Chewy 40g,https://www.dvago.pk/p/american-kuisine-chocochip-brownie
Serne Mosquit Junior Lotion 50ml,https://www.dvago.pk/p/serne-mosquit-junior-bottle-50g
Loreal Paris Revitalift 1.5% Hyaluronic Acid Face Serum 30ml,https://www.dvago.pk/p/loreal-revalift-1-5-hyaluronic%20acid-face-serum-30ml
Loreal Paris Color Protect Shampoo 360ml,https://www.dvago.pk/p/loreal-paris-color-protect-shampoo-360ml
Loreal Paris Fall Repair Shampoo 360ml,https://www.dvago.pk/p/loreal-paris-fall-repair-shampoo-360ml
Garnier Men 2 In 1 Shaving + Cleansing Foam 100ml,https://www.dvago.pk/p/garnier-men-2-in-1-shaving-cleansing-100ml
Bona Papa Baby Diapers Super Junior Xxl Size 6 50pcs,https://www.dvago.pk/p/bona-papa-super-junior-xxl-1s
Saeed Ghani Goat Milk Face Wash 100ml,https://www.dvago.pk/p/saeed-ghani-goat-milk-face-wash-100ml
Mothercare Ultra Thin Long Sanitary Pads 8pcs,https://www.dvago.pk/p/mc-ultra-thin-long-8s
Mothercare Ultra Thin Extra Long Sanitary Pads 14pcs,https://www.dvago.pk/p/mc-ultra-thin-extra-long-14s
Fruden Kitty Chocopop 25g,https://www.dvago.pk/p/fruden-chocopop-kitty-25g
Fruden Swriless Chocopop 25g,https://www.dvago.pk/p/fruden-chocopop-swirlees-25g
Dari Mooch Oud Wood Beard Oil 30ml,https://www.dvago.pk/p/dmooch-oud-wood-beard-oil-30ml
Dari Mooch Charcoal Body Wash 300ml,https://www.dvago.pk/p/dari-mooch-charcoal-bodywash-300ml
Dari Mooch Cocoa Butter Beard Conditioner 120ml,https://www.dvago.pk/p/dmooch-beard-cond-120ml
Dari Mooch Urban Beard Oil 30ml,https://www.dvago.pk/p/dmooch-beard-oil-urban-30ml
Dari Mooch Flare Perfume Body Spray For Men 120ml,https://www.dvago.pk/p/dmooch-flare-body-spray-120ml
Dari Mooch Beard Growth Oil 60ml,https://www.dvago.pk/p/dmooch-growth-oil-60ml
Dari Mooch Acne Spot Gel 30g,https://www.dvago.pk/p/dmooch-spot-gel-acne-30g
Soda White Whitening Toothpaste Brush Pack,https://www.dvago.pk/p/soda-white-toothpaste-brush
English Prickly Heat Thanda Soap Bar,https://www.dvago.pk/p/english-prickly-heat-thanda-soap
The Lotion By Kure Uv Daily Brightening 100ml,https://www.dvago.pk/p/e-the-lotion-by-kure-100ml
Markhor Body Spray (Non-Gas) 120ml,https://www.dvago.pk/p/markhor-body-spray-120ml
Markhor Saien Body Spray (Non-Gas) 120ml,https://www.dvago.pk/p/markhor-body-spray-saien-120ml
